measurement_series,tag_id,series,measurement,distance,mean,variance,success_count,expected_count,latitude,longitude
0,11,1,1,103,11,7,16,16,N6324.4333,E01028.6513
0,11,1,2,94,10,6,29,32,N6324.4333,E01028.6513
0,11,1,3,94,10,5,64,64,N6324.4340,E01028.6512
0,11,1,4,103,11,6,128,128,N6324.4346,E01028.6517
0,11,1,5,94,10,6,253,256,N6324.4358,E01028.6528
0,11,1,6,103,11,5,509,512,N6324.4364,E01028.6537
0,11,1,7,94,10,6,1021,1024,N6324.4367,E01028.6549
0,11,2,1,94,10,5,16,16,N6324.4368,E01028.6553
0,11,2,2,103,11,4,32,32,N6324.4368,E01028.6554
0,11,2,3,112,12,4,64,64,N6324.4370,E01028.6555
0,11,2,4,103,11,4,128,128,N6324.4371,E01028.6556
0,11,2,5,103,11,5,253,256,N6324.4372,E01028.6557
0,11,2,6,94,10,6,512,512,N6324.4371,E01028.6564
0,11,2,7,94,10,5,1024,1024,N6324.4378,E01028.6563
0,11,3,1,103,11,5,16,16,N6324.4383,E01028.6561
0,11,3,2,94,10,4,32,32,N6324.4387,E01028.6558
0,11,3,3,94,10,3,64,64,N6324.4389,E01028.6556
0,11,3,4,94,10,5,128,128,N6324.4392,E01028.6556
0,11,3,5,94,10,6,256,256,N6324.4394,E01028.6554
0,11,3,6,103,11,5,512,512,N6324.4395,E01028.6549
0,11,3,7,103,11,5,1024,1024,N6324.4392,E01028.6541
0,11,4,1,94,10,4,16,16,N6324.4385,E01028.6535
0,11,4,2,94,10,5,29,32,N6324.4385,E01028.6535
0,11,4,3,112,12,4,61,64,N6324.4356,E01028.6520
0,11,4,4,103,11,5,125,128,N6324.4300,E01028.6503
0,11,4,5,103,11,5,256,256,N6324.4209,E01028.6470
0,11,4,6,103,11,5,512,512,N6324.4185,E01028.6459
0,11,4,7,103,11,5,1024,1024,N6324.4161,E01028.6458
0,11,5,1,112,12,4,13,16,N6324.4155,E01028.6459
0,11,5,2,103,11,6,29,32,N6324.4152,E01028.6459
0,11,5,3,112,12,5,61,64,N6324.4147,E01028.6466
0,11,5,4,103,11,5,128,128,N6324.4140,E01028.6477
0,11,5,5,112,12,5,256,256,N6324.4137,E01028.6478
0,11,5,6,112,12,4,512,512,N6324.4138,E01028.6470
0,11,5,7,103,11,5,1024,1024,N6324.4141,E01028.6464
0,11,1,1,84,9,8,13,16,N6324.4315,E01028.6571
0,11,1,2,103,11,6,32,32,N6324.4322,E01028.6573
0,11,1,3,103,11,4,64,64,N6324.4329,E01028.6575
0,11,1,4,103,11,5,128,128,N6324.4336,E01028.6577
0,11,1,5,103,11,5,253,256,N6324.4341,E01028.6577
0,11,1,6,103,11,4,509,512,N6324.4352,E01028.6577
0,11,1,7,103,11,5,1024,1024,N6324.4361,E01028.6566
0,11,2,1,112,12,4,16,16,N6324.4362,E01028.6567
0,11,2,2,103,11,4,32,32,N6324.4362,E01028.6567
0,11,2,3,103,11,4,64,64,N6324.4364,E01028.6569
0,11,2,4,94,10,5,128,128,N6324.4366,E01028.6570
0,11,2,5,94,10,6,256,256,N6324.4369,E01028.6575
0,11,2,6,94,10,6,509,512,N6324.4371,E01028.6579
0,11,2,7,94,10,6,1024,1024,N6324.4372,E01028.6582
0,11,3,1,94,10,9,16,16,N6324.4371,E01028.6583
0,11,3,2,103,11,4,29,32,N6324.4371,E01028.6585
0,11,3,3,103,11,6,64,64,N6324.4371,E01028.6585
0,11,3,4,103,11,4,125,128,N6324.4371,E01028.6584
0,11,3,5,94,10,6,253,256,N6324.4372,E01028.6582
0,11,3,6,94,10,6,512,512,N6324.4374,E01028.6583
0,11,3,7,94,10,6,1024,1024,N6324.4376,E01028.6585
0,11,4,1,94,10,7,16,16,N6324.4376,E01028.6585
0,11,4,2,94,10,3,32,32,N6324.4376,E01028.6585
0,11,4,3,94,10,7,61,64,N6324.4376,E01028.6585
0,11,4,4,103,11,5,125,128,N6324.4376,E01028.6587
0,11,4,5,103,11,5,256,256,N6324.4376,E01028.6589
0,11,4,6,94,10,6,509,512,N6324.4374,E01028.6591
0,11,4,7,103,11,5,1021,1024,N6324.4377,E01028.6584
0,11,5,1,103,11,3,16,16,N6324.4378,E01028.6585
0,11,5,2,103,11,3,29,32,N6324.4378,E01028.6585
0,11,5,3,103,11,4,64,64,N6324.4377,E01028.6586
0,11,5,4,103,11,4,125,128,N6324.4377,E01028.6588
0,11,5,5,103,11,5,253,256,N6324.4378,E01028.6589
0,11,5,6,103,11,5,506,512,N6324.4379,E01028.6592
0,11,5,7,94,10,5,1021,1024,N6324.4381,E01028.6595
1,11,1,1,112,12,4,13,16,N6324.4147,E01028.6484
1,11,1,2,112,12,4,29,32,N6324.4144,E01028.6483
1,11,1,3,112,12,4,61,64,N6324.4144,E01028.6483
1,11,1,4,112,12,4,125,128,N6324.4143,E01028.6485
1,11,1,5,103,11,7,256,256,N6324.4143,E01028.6486
1,11,1,6,112,12,5,512,512,N6324.4144,E01028.6482
1,11,1,7,112,12,4,1021,1024,N6324.4148,E01028.6476
1,11,2,1,112,12,4,16,16,N6324.4150,E01028.6472
1,11,2,2,112,12,4,32,32,N6324.4151,E01028.6469
1,11,2,3,112,12,5,61,64,N6324.4152,E01028.6466
1,11,2,4,112,12,7,128,128,N6324.4153,E01028.6463
1,11,2,5,103,11,6,256,256,N6324.4154,E01028.6462
1,11,2,6,103,11,6,511,512,N6324.4155,E01028.6466
1,11,2,7,103,11,5,1018,1024,N6324.4159,E01028.6475
1,11,3,1,103,11,4,16,16,N6324.4159,E01028.6475
1,11,3,2,94,10,5,32,32,N6324.4159,E01028.6478
1,11,3,3,94,10,7,61,64,N6324.4160,E01028.6483
1,11,3,4,94,10,6,128,128,N6324.4161,E01028.6484
1,11,3,5,94,10,6,256,256,N6324.4160,E01028.6487
1,11,3,6,84,9,7,509,512,N6324.4157,E01028.6472
1,11,3,7,94,10,6,1024,1024,N6324.4151,E01028.6467
1,11,4,1,94,10,7,16,16,N6324.4144,E01028.6469
1,11,4,2,103,11,4,32,32,N6324.4144,E01028.6469
1,11,4,3,0,0,0,0,64,N6324.4140,E01028.6467
2,11,1,1,159,17,2,16,16,N6324.3932,E01028.6361
2,11,1,2,141,15,4,32,32,N6324.3924,E01028.6360
2,11,1,3,0,0,0,0,64,N6324.3914,E01028.6362
3,11,1,1,141,15,4,16,16,N6324.3907,E01028.6353
3,11,1,2,131,14,4,29,32,N6324.3907,E01028.6353
3,11,1,3,131,14,4,61,64,N6324.3907,E01028.6353
3,11,1,4,141,15,5,125,128,N6324.3908,E01028.6351
3,11,1,5,141,15,5,250,256,N6324.3912,E01028.6349
3,11,1,6,141,15,6,509,512,N6324.3912,E01028.6338
3,11,1,7,141,15,6,1021,1024,N6324.3911,E01028.6331
3,11,2,1,0,0,0,0,16,N6324.3910,E01028.6331
4,10,1,1,159,17,3,16,16,N6324.3910,E01028.6333
4,10,1,2,122,13,6,32,32,N6324.3910,E01028.6333
4,10,1,3,122,13,5,61,64,N6324.3910,E01028.6333
4,10,1,4,141,15,4,122,128,N6324.3910,E01028.6333
4,10,1,5,150,16,4,251,256,N6324.3910,E01028.6334
4,10,1,6,141,15,7,509,512,N6324.3913,E01028.6335
4,10,1,7,141,15,6,1018,1024,N6324.3911,E01028.6335
4,10,2,1,122,13,8,13,16,N6324.3911,E01028.6337
4,10,2,2,131,14,6,29,32,N6324.3911,E01028.6337
4,10,2,3,141,15,5,64,64,N6324.3910,E01028.6338
4,10,2,4,131,14,6,128,128,N6324.3910,E01028.6338
4,10,2,5,131,14,7,256,256,N6324.3911,E01028.6339
4,10,2,6,141,15,5,512,512,N6324.3912,E01028.6339
4,10,2,7,141,15,6,1019,1024,N6324.3913,E01028.6335
4,10,3,1,141,15,4,13,16,N6324.3912,E01028.6335
4,10,3,2,103,11,3,29,32,N6324.3912,E01028.6335
4,10,3,3,131,14,6,61,64,N6324.3911,E01028.6335
4,10,3,4,122,13,5,128,128,N6324.3911,E01028.6334
4,10,3,5,131,14,5,252,256,N6324.3911,E01028.6333
5,10,1,1,178,19,3,16,16,N6324.3644,E01028.6215
5,10,1,2,178,19,5,32,32,N6324.3644,E01028.6216
5,10,1,3,178,19,5,64,64,N6324.3644,E01028.6218
5,10,1,4,169,18,6,128,128,N6324.3644,E01028.6220
5,10,1,5,169,18,5,253,256,N6324.3644,E01028.6221
5,10,1,6,169,18,6,512,512,N6324.3645,E01028.6223
5,10,1,7,187,20,11,992,1024,N6324.3638,E01028.6221
5,10,2,1,187,20,4,13,16,N6324.3638,E01028.6220
5,10,2,2,178,19,3,32,32,N6324.3638,E01028.6220
5,10,2,3,169,18,5,61,64,N6324.3638,E01028.6220
5,10,2,4,178,19,4,128,128,N6324.3639,E01028.6219
5,10,2,5,187,20,4,256,256,N6324.3639,E01028.6220
5,10,2,6,187,20,19,217,512,N6324.3641,E01028.6224
5,10,2,7,169,18,5,1021,1024,N6324.3644,E01028.6226
5,10,3,1,187,20,4,16,16,N6324.3645,E01028.6227
5,10,3,2,169,18,3,32,32,N6324.3645,E01028.6227
5,10,3,3,169,18,7,64,64,N6324.3645,E01028.6230
5,10,3,4,178,19,4,128,128,N6324.3644,E01028.6231
5,10,3,5,197,21,24,170,256,N6324.3643,E01028.6228
5,10,3,6,178,19,4,509,512,N6324.3640,E01028.6222
6,10,1,1,225,24,4,13,16,N6324.3399,E01028.6123
6,10,1,2,215,23,3,29,32,N6324.3384,E01028.6119
6,10,1,3,225,24,5,64,64,N6324.3379,E01028.6117
6,10,1,4,234,25,5,128,128,N6324.3377,E01028.6114
6,10,1,5,244,26,6,45,256,N6324.3376,E01028.6113
6,10,1,6,225,24,4,329,512,N6324.3377,E01028.6119
6,10,1,7,225,24,6,1020,1024,N6324.3378,E01028.6121
6,10,2,1,244,26,2,13,16,N6324.3378,E01028.6120
7,10,1,1,234,25,8,13,16,N6324.3376,E01028.6110
7,10,1,2,0,0,0,0,32,N6324.3376,E01028.6110
7,10,1,3,0,0,0,0,64,N6324.3379,E01028.6110
8,10,1,1,225,24,4,16,16,N6324.3376,E01028.6104
8,10,1,2,234,25,4,32,32,N6324.3376,E01028.6104
8,10,1,3,197,21,9,60,64,N6324.3376,E01028.6105
8,10,1,4,0,0,0,0,128,N6324.3377,E01028.6105
9,10,1,1,0,0,0,0,16,N6324.3378,E01028.6104
9,10,1,2,225,24,6,29,32,N6324.3377,E01028.6108
9,10,1,3,234,25,3,64,64,N6324.3377,E01028.6108
9,10,1,4,0,0,0,0,128,N6324.3376,E01028.6108
10,11,1,1,215,23,4,16,16,N6324.3380,E01028.6114
10,11,1,2,225,24,6,32,32,N6324.3378,E01028.6116
10,11,1,3,225,24,6,61,64,N6324.3378,E01028.6119
11,10,1,1,0,0,0,0,16,N6324.3380,E01028.6120
12,10,1,1,225,24,4,13,16,N6324.3381,E01028.6124
12,10,1,2,197,21,5,32,32,N6324.3381,E01028.6126
12,10,1,3,206,22,4,60,64,N6324.3381,E01028.6124
12,10,1,4,225,24,4,128,128,N6324.3384,E01028.6130
12,10,1,5,234,25,6,256,256,N6324.3386,E01028.6126
12,10,1,6,215,23,4,512,512,N6324.3386,E01028.6131
12,10,1,7,225,24,4,1023,1024,N6324.3384,E01028.6137
12,10,2,1,244,26,2,16,16,N6324.3383,E01028.6138
12,10,2,2,225,24,4,32,32,N6324.3383,E01028.6138
12,10,2,3,215,23,5,64,64,N6324.3382,E01028.6139
12,10,2,4,215,23,4,128,128,N6324.3381,E01028.6141
12,10,2,5,215,23,6,254,256,N6324.3381,E01028.6144
12,10,2,6,225,24,5,502,512,N6324.3383,E01028.6147
14,11,1,1,56,6,5,13,16,N6324.4327,E01028.6236
14,11,1,2,47,5,9,29,32,N6324.4339,E01028.6251
15,11,1,1,47,5,6,16,16,N6324.4412,E01028.6365
15,11,1,2,37,4,7,32,32,N6324.4417,E01028.6371
15,11,1,3,37,4,22,55,64,N6324.4422,E01028.6379
15,11,1,4,47,5,10,119,128,N6324.4427,E01028.6385
15,11,1,5,28,3,4,84,256,N6324.4435,E01028.6398
15,11,1,6,28,3,6,508,512,N6324.4449,E01028.6411
15,11,1,7,28,3,6,811,1024,N6324.4474,E01028.6432
15,11,2,1,19,2,7,16,16,N6324.4480,E01028.6438
15,11,2,2,0,0,0,0,32,N6324.4487,E01028.6444
16,11,1,1,9,1,12,16,16,N6324.4565,E01028.6597
16,11,1,2,0,0,7,32,32,N6324.4565,E01028.6597
16,11,1,3,19,2,3,64,64,N6324.4565,E01028.6597
16,11,1,4,9,1,4,128,128,N6324.4565,E01028.6597
16,11,1,5,9,1,5,256,256,N6324.4565,E01028.6597
16,11,1,6,0,0,5,508,512,N6324.4565,E01028.6597
16,11,1,7,9,1,5,1019,1024,N6324.4565,E01028.6597
16,11,2,1,9,1,5,13,16,N6324.4565,E01028.6597
16,11,2,2,9,1,2,32,32,N6324.4565,E01028.6597
16,11,2,3,9,1,4,61,64,N6324.4565,E01028.6597
16,11,2,4,9,1,3,125,128,N6324.4565,E01028.6596
16,11,2,5,0,0,6,256,256,N6324.4565,E01028.6596
16,11,2,6,9,1,6,502,512,N6324.4565,E01028.6596
16,11,2,7,9,1,5,1021,1024,N6324.4565,E01028.6596
16,11,3,1,19,2,2,13,16,N6324.4565,E01028.6596
16,11,3,2,9,1,5,29,32,N6324.4565,E01028.6596
16,11,3,3,9,1,5,64,64,N6324.4565,E01028.6596
16,11,3,4,9,1,8,128,128,N6324.4565,E01028.6596
16,11,3,5,9,1,5,253,256,N6324.4565,E01028.6596
16,11,3,6,9,1,5,512,512,N6324.4565,E01028.6596
16,11,3,7,9,1,5,1024,1024,N6324.4565,E01028.6596
16,11,4,1,9,1,5,13,16,N6324.4565,E01028.6596
16,11,4,2,9,1,3,32,32,N6324.4565,E01028.6596
16,11,4,3,9,1,6,61,64,N6324.4565,E01028.6596
16,11,4,4,9,1,6,125,128,N6324.4565,E01028.6596
16,11,4,5,9,1,5,256,256,N6324.4565,E01028.6596
16,11,4,6,9,1,4,512,512,N6324.4565,E01028.6596
16,11,4,7,9,1,5,1024,1024,N6324.4565,E01028.6596
16,11,5,1,9,1,6,16,16,N6324.4565,E01028.6596
16,11,5,2,9,1,4,32,32,N6324.4565,E01028.6596
16,11,5,3,9,1,6,64,64,N6324.4565,E01028.6596
16,11,5,4,0,0,5,125,128,N6324.4565,E01028.6596
16,11,5,5,9,1,4,256,256,N6324.4565,E01028.6596
16,11,5,6,9,1,5,512,512,N6324.4565,E01028.6596
16,11,5,7,9,1,5,1024,1024,N6324.4565,E01028.6596
0,10,1,1,0,0,4,16,16,N6324.4569,E01028.6599
0,10,1,2,0,0,5,32,32,N6324.4570,E01028.6599
0,10,1,3,0,0,4,64,64,N6324.4570,E01028.6599
0,10,1,4,0,0,4,125,128,N6324.4569,E01028.6599
0,10,1,5,0,0,4,256,256,N6324.4569,E01028.6599
0,10,1,6,0,0,4,512,512,N6324.4570,E01028.6599
0,10,1,7,0,0,4,1024,1024,N6324.4570,E01028.6599
0,10,2,1,9,1,3,13,16,N6324.4570,E01028.6599
0,10,2,2,0,0,4,32,32,N6324.4570,E01028.6599
0,10,2,3,0,0,4,61,64,N6324.4569,E01028.6599
0,10,2,4,0,0,4,125,128,N6324.4569,E01028.6598
0,10,2,5,0,0,4,253,256,N6324.4569,E01028.6599
0,10,2,6,0,0,4,509,512,N6324.4569,E01028.6598
0,10,2,7,0,0,4,1024,1024,N6324.4569,E01028.6599
0,10,3,1,0,0,4,16,16,N6324.4568,E01028.6599
0,10,3,2,0,0,5,29,32,N6324.4568,E01028.6599
0,10,3,3,9,1,3,64,64,N6324.4568,E01028.6599
0,10,3,4,0,0,4,125,128,N6324.4568,E01028.6599
0,10,3,5,0,0,4,256,256,N6324.4568,E01028.6599
0,10,3,6,0,0,4,512,512,N6324.4569,E01028.6599
0,10,3,7,0,0,4,1021,1024,N6324.4570,E01028.6597
0,10,4,1,0,0,4,13,16,N6324.4571,E01028.6597
0,10,4,2,0,0,4,29,32,N6324.4571,E01028.6597
0,10,4,3,0,0,4,64,64,N6324.4572,E01028.6596
0,10,4,4,0,0,4,125,128,N6324.4572,E01028.6596
0,10,4,5,0,0,4,256,256,N6324.4573,E01028.6598
0,10,4,6,0,0,4,512,512,N6324.4573,E01028.6598
0,10,4,7,0,0,4,1024,1024,N6324.4573,E01028.6599
0,10,5,1,0,0,4,16,16,N6324.4574,E01028.6600
0,10,5,2,0,-1,3,32,32,N6324.4574,E01028.6600
0,10,5,3,0,0,4,61,64,N6324.4574,E01028.6600
0,10,5,4,0,0,4,128,128,N6324.4574,E01028.6600
0,10,5,5,0,0,4,253,256,N6324.4574,E01028.6600
0,10,5,6,0,0,4,512,512,N6324.4575,E01028.6601
0,10,5,7,0,0,4,1024,1024,N6324.4575,E01028.6601
1,10,1,1,0,-1,3,13,16,N6324.4574,E01028.6604
1,10,1,2,0,0,4,32,32,N6324.4574,E01028.6604
1,10,1,3,0,0,4,61,64,N6324.4574,E01028.6604
1,10,1,4,0,0,4,128,128,N6324.4574,E01028.6604
1,10,1,5,0,0,4,256,256,N6324.4574,E01028.6604
1,10,1,6,0,0,4,512,512,N6324.4574,E01028.6605
1,10,1,7,0,0,4,1024,1024,N6324.4574,E01028.6606
1,10,2,1,0,0,4,16,16,N6324.4574,E01028.6606
1,10,2,2,0,0,4,32,32,N6324.4574,E01028.6606
1,10,2,3,0,0,4,61,64,N6324.4574,E01028.6605
1,10,2,4,0,0,4,128,128,N6324.4574,E01028.6605
1,10,2,5,0,0,4,253,256,N6324.4574,E01028.6605
1,10,2,6,0,0,4,512,512,N6324.4574,E01028.6605
1,10,2,7,0,0,4,1024,1024,N6324.4574,E01028.6605
1,10,3,1,0,0,4,16,16,N6324.4574,E01028.6605
1,10,3,2,0,0,13,28,32,N6324.4577,E01028.6613
1,10,3,3,9,1,4,64,64,N6324.4577,E01028.6622
1,10,3,4,0,0,6,128,128,N6324.4575,E01028.6627
1,10,3,5,0,0,4,253,256,N6324.4574,E01028.6632
1,10,3,6,0,0,4,512,512,N6324.4567,E01028.6635
1,10,3,7,9,1,5,1021,1024,N6324.4547,E01028.6639
1,10,4,1,19,2,2,16,16,N6324.4547,E01028.6639
1,10,4,2,19,2,8,32,32,N6324.4541,E01028.6641
1,10,4,3,19,2,6,61,64,N6324.4535,E01028.6642
1,10,4,4,19,2,6,125,128,N6324.4531,E01028.6644
1,10,4,5,9,1,7,256,256,N6324.4525,E01028.6646
1,10,4,6,19,2,5,509,512,N6324.4509,E01028.6644
1,10,4,7,19,2,7,1024,1024,N6324.4491,E01028.6640
1,10,5,1,9,1,7,13,16,N6324.4485,E01028.6637
1,10,5,2,28,3,4,32,32,N6324.4485,E01028.6637
1,10,5,3,28,3,4,61,64,N6324.4479,E01028.6635
1,10,5,4,19,2,6,128,128,N6324.4473,E01028.6631
1,10,5,5,28,3,5,256,256,N6324.4462,E01028.6622
1,10,5,6,28,3,7,512,512,N6324.4452,E01028.6617
1,10,5,7,37,4,11,1023,1024,N6324.4437,E01028.6602
2,10,1,1,28,3,9,16,16,N6324.4450,E01028.6592
2,10,1,2,19,2,9,32,32,N6324.4450,E01028.6592
2,10,1,3,28,3,4,61,64,N6324.4457,E01028.6593
2,10,1,4,19,2,6,128,128,N6324.4463,E01028.6595
2,10,1,5,19,2,6,256,256,N6324.4475,E01028.6598
2,10,1,6,19,2,6,509,512,N6324.4475,E01028.6596
2,10,1,7,19,2,5,1021,1024,N6324.4472,E01028.6592
2,10,2,1,9,1,2,13,16,N6324.4472,E01028.6593
2,10,2,2,9,1,7,29,32,N6324.4473,E01028.6594
2,10,2,3,19,2,11,63,64,N6324.4472,E01028.6595
2,10,2,4,9,1,6,125,128,N6324.4472,E01028.6595
2,10,2,5,9,1,4,253,256,N6324.4471,E01028.6594
2,10,2,6,9,1,5,512,512,N6324.4471,E01028.6593
2,10,2,7,9,1,5,1024,1024,N6324.4470,E01028.6594
2,10,3,1,0,0,6,16,16,N6324.4469,E01028.6597
2,10,3,2,9,1,2,32,32,N6324.4467,E01028.6603
2,10,3,3,19,2,4,64,64,N6324.4466,E01028.6606
2,10,3,4,0,0,4,128,128,N6324.4463,E01028.6605
2,10,3,5,0,0,5,256,256,N6324.4459,E01028.6603
2,10,3,6,9,1,4,512,512,N6324.4458,E01028.6603
2,10,3,7,0,0,5,1024,1024,N6324.4459,E01028.6603
2,10,4,1,9,1,1,16,16,N6324.4459,E01028.6603
2,10,4,2,0,0,4,29,32,N6324.4459,E01028.6603
2,10,4,3,0,0,5,64,64,N6324.4459,E01028.6603
2,10,4,4,0,0,4,128,128,N6324.4459,E01028.6603
2,10,4,5,9,1,4,256,256,N6324.4459,E01028.6603
2,10,4,6,0,0,5,512,512,N6324.4459,E01028.6601
2,10,4,7,9,1,4,1024,1024,N6324.4459,E01028.6601
2,10,5,1,0,0,4,16,16,N6324.4459,E01028.6601
2,10,5,2,19,2,4,32,32,N6324.4459,E01028.6602
2,10,5,3,0,0,6,64,64,N6324.4459,E01028.6602
2,10,5,4,0,0,5,125,128,N6324.4458,E01028.6603
2,10,5,5,0,0,5,256,256,N6324.4456,E01028.6597
2,10,5,6,0,0,5,512,512,N6324.4452,E01028.6588
2,10,5,7,0,0,5,1021,1024,N6324.4451,E01028.6572
0,10,1,1,0,0,4,13,16,N6324.4435,E01028.6540
0,10,1,2,9,1,3,32,32,N6324.4435,E01028.6540
0,10,1,3,0,0,4,61,64,N6324.4435,E01028.6540
0,10,1,4,0,0,4,128,128,N6324.4435,E01028.6540
0,10,1,5,0,0,4,253,256,N6324.4435,E01028.6540
0,10,1,6,0,0,4,512,512,N6324.4435,E01028.6540
0,10,1,7,0,0,5,1021,1024,N6324.4435,E01028.6540
0,10,2,1,0,0,4,16,16,N6324.4435,E01028.6540
0,10,2,2,19,2,6,32,32,N6324.4435,E01028.6540
0,10,2,3,0,0,4,61,64,N6324.4435,E01028.6540
0,10,2,4,0,0,4,128,128,N6324.4435,E01028.6540
0,10,2,5,0,0,4,256,256,N6324.4435,E01028.6540
0,10,2,6,0,0,4,512,512,N6324.4435,E01028.6540
0,10,2,7,0,0,4,1021,1024,N6324.4435,E01028.6540
0,10,3,1,0,0,4,16,16,N6324.4435,E01028.6540
0,10,3,2,0,0,4,29,32,N6324.4435,E01028.6540
0,10,3,3,0,0,4,64,64,N6324.4435,E01028.6540
0,10,3,4,0,0,4,125,128,N6324.4435,E01028.6540
0,10,3,5,0,0,4,253,256,N6324.4435,E01028.6540
0,10,3,6,0,0,4,509,512,N6324.4435,E01028.6540
0,10,3,7,0,0,4,1024,1024,N6324.4435,E01028.6540
0,10,4,1,9,1,2,16,16,N6324.4435,E01028.6540
0,10,4,2,0,0,4,32,32,N6324.4435,E01028.6540
0,10,4,3,0,0,4,64,64,N6324.4435,E01028.6540
0,10,4,4,0,0,4,128,128,N6324.4435,E01028.6540
0,10,4,5,0,0,4,256,256,N6324.4435,E01028.6540
0,10,4,6,0,0,4,509,512,N6324.4435,E01028.6540
0,10,4,7,0,0,4,1024,1024,N6324.4435,E01028.6540
0,10,5,1,9,1,1,16,16,N6324.4435,E01028.6540
0,10,5,2,0,0,5,29,32,N6324.4435,E01028.6540
0,10,5,3,0,0,4,64,64,N6324.4435,E01028.6540
0,10,5,4,0,0,4,128,128,N6324.4435,E01028.6540
0,10,5,5,0,0,4,256,256,N6324.4435,E01028.6540
0,10,5,6,0,0,4,509,512,N6324.4435,E01028.6540
0,10,5,7,0,0,4,1021,1024,N6324.4434,E01028.6541
0,12,1,1,94,10,8,16,16,N6324.4436,E01028.6491
0,12,1,2,103,11,5,29,32,N6324.4442,E01028.6500
0,12,1,3,94,10,5,64,64,N6324.4446,E01028.6507
0,12,1,4,94,10,6,125,128,N6324.4448,E01028.6513
0,12,1,5,94,10,6,256,256,N6324.4450,E01028.6518
0,12,1,6,94,10,6,512,512,N6324.4452,E01028.6527
0,12,1,7,94,10,6,1024,1024,N6324.4457,E01028.6531
0,12,2,1,103,11,7,13,16,N6324.4458,E01028.6528
0,12,2,2,112,12,6,32,32,N6324.4458,E01028.6528
0,12,2,3,94,10,6,60,64,N6324.4457,E01028.6526
0,12,2,4,94,10,6,128,128,N6324.4459,E01028.6524
0,12,2,5,94,10,5,253,256,N6324.4460,E01028.6523
0,12,2,6,94,10,6,512,512,N6324.4460,E01028.6525
0,12,2,7,103,11,4,1024,1024,N6324.4460,E01028.6526
0,12,3,1,112,12,4,16,16,N6324.4459,E01028.6525
0,12,3,2,94,10,6,32,32,N6324.4459,E01028.6525
0,12,3,3,103,11,6,64,64,N6324.4459,E01028.6524
0,12,3,4,103,11,4,128,128,N6324.4458,E01028.6524
0,12,3,5,103,11,5,256,256,N6324.4458,E01028.6523
0,12,3,6,94,10,6,512,512,N6324.4458,E01028.6524
0,12,3,7,94,10,6,1024,1024,N6324.4459,E01028.6529
0,12,4,1,84,9,6,16,16,N6324.4459,E01028.6529
0,12,4,2,103,11,6,32,32,N6324.4459,E01028.6530
0,12,4,3,103,11,5,61,64,N6324.4459,E01028.6531
0,12,4,4,94,10,7,128,128,N6324.4459,E01028.6531
0,12,4,5,103,11,5,253,256,N6324.4459,E01028.6530
0,12,4,6,103,11,5,512,512,N6324.4458,E01028.6528
0,12,4,7,103,11,4,1024,1024,N6324.4458,E01028.6526
0,12,5,1,103,11,7,13,16,N6324.4458,E01028.6524
0,12,5,2,94,10,8,32,32,N6324.4458,E01028.6524
0,12,5,3,94,10,7,61,64,N6324.4458,E01028.6524
0,12,5,4,94,10,6,125,128,N6324.4459,E01028.6524
0,12,5,5,94,10,6,253,256,N6324.4458,E01028.6525
0,12,5,6,94,10,6,511,512,N6324.4458,E01028.6530
0,12,5,7,94,10,6,1024,1024,N6324.4458,E01028.6533
1,12,1,1,112,12,4,16,16,N6324.4246,E01028.6470
2,12,1,1,94,10,8,16,16,N6324.4203,E01028.6445
2,12,1,2,112,12,4,29,32,N6324.4203,E01028.6448
2,12,1,3,112,12,4,61,64,N6324.4203,E01028.6451
2,12,1,4,103,11,5,128,128,N6324.4203,E01028.6452
2,12,1,5,103,11,5,253,256,N6324.4203,E01028.6457
2,12,1,6,103,11,5,509,512,N6324.4203,E01028.6461
2,12,1,7,103,11,6,1016,1024,N6324.4201,E01028.6463
2,12,2,1,84,9,7,13,16,N6324.4201,E01028.6458
2,12,2,2,112,12,5,29,32,N6324.4201,E01028.6458
2,12,2,3,112,12,5,64,64,N6324.4201,E01028.6456
2,12,2,4,103,11,5,124,128,N6324.4201,E01028.6452
2,12,2,5,103,11,7,250,256,N6324.4200,E01028.6448
2,12,2,6,112,12,5,498,512,N6324.4200,E01028.6448
2,12,2,7,103,11,6,610,1024,N6324.4201,E01028.6453
2,12,3,1,94,10,5,13,16,N6324.4201,E01028.6454
2,12,3,2,103,11,4,32,32,N6324.4201,E01028.6455
2,12,3,3,103,11,4,64,64,N6324.4201,E01028.6457
2,12,3,4,122,13,5,118,128,N6324.4200,E01028.6458
2,12,3,5,112,12,6,254,256,N6324.4199,E01028.6459
2,12,3,6,103,11,6,500,512,N6324.4199,E01028.6458
2,12,3,7,112,12,6,1013,1024,N6324.4200,E01028.6457
3,12,1,1,159,17,3,16,16,N6324.3976,E01028.6366
3,12,1,2,0,0,0,0,32,N6324.3954,E01028.6347
3,12,1,3,0,0,0,0,64,N6324.3919,E01028.6307
3,12,1,4,159,17,5,128,128,N6324.3916,E01028.6308
3,12,1,5,141,15,5,240,256,N6324.3916,E01028.6309
4,12,1,1,141,15,4,16,16,N6324.3915,E01028.6308
4,12,1,2,141,15,6,32,32,N6324.3915,E01028.6308
4,12,1,3,150,16,4,63,64,N6324.3915,E01028.6308
4,12,1,4,0,0,0,0,128,N6324.3915,E01028.6308
4,12,1,5,141,15,4,59,256,N6324.3915,E01028.6308
4,12,1,6,131,14,6,509,512,N6324.3915,E01028.6308
4,12,1,7,141,15,4,813,1024,N6324.3916,E01028.6308
4,12,2,1,0,0,0,0,16,N6324.3916,E01028.6308
5,12,1,1,131,14,4,16,16,N6324.3920,E01028.6319
5,12,1,2,122,13,5,29,32,N6324.3920,E01028.6322
5,12,1,3,112,12,4,61,64,N6324.3920,E01028.6322
5,12,1,4,112,12,4,128,128,N6324.3920,E01028.6315
5,12,1,5,103,11,4,253,256,N6324.3925,E01028.6296
5,12,1,6,103,11,5,512,512,N6324.3936,E01028.6273
5,12,1,7,103,11,5,1024,1024,N6324.3948,E01028.6249
5,12,2,1,103,11,5,13,16,N6324.3955,E01028.6231
5,12,2,2,112,12,5,32,32,N6324.3969,E01028.6184
5,12,2,3,94,10,9,64,64,N6324.3969,E01028.6184
5,12,2,4,94,10,4,128,128,N6324.3974,E01028.6167
5,12,2,5,94,10,6,253,256,N6324.3978,E01028.6158
5,12,2,6,94,10,6,512,512,N6324.3988,E01028.6137
5,12,2,7,94,10,6,1024,1024,N6324.4001,E01028.6117
5,12,3,1,94,10,4,13,16,N6324.4001,E01028.6117
5,12,3,2,94,10,5,32,32,N6324.4002,E01028.6119
5,12,3,3,94,10,6,64,64,N6324.4003,E01028.6120
5,12,3,4,103,11,4,124,128,N6324.4004,E01028.6118
5,12,3,5,94,10,7,256,256,N6324.4004,E01028.6117
5,12,3,6,94,10,5,512,512,N6324.4005,E01028.6119
5,12,3,7,84,9,6,1024,1024,N6324.4005,E01028.6121
5,12,4,1,75,8,4,16,16,N6324.4005,E01028.6120
5,12,4,2,84,9,11,29,32,N6324.4005,E01028.6120
5,12,4,3,197,21,67,52,64,N6324.4005,E01028.6120
5,12,4,4,0,0,0,0,128,N6324.4005,E01028.6119
0,13,1,1,0,0,4,13,16,N6324.4436,E01028.6559
0,13,1,2,0,0,4,32,32,N6324.4436,E01028.6559
0,13,1,3,0,0,4,64,64,N6324.4436,E01028.6559
0,13,1,4,0,0,4,128,128,N6324.4435,E01028.6558
0,13,1,5,0,0,4,256,256,N6324.4435,E01028.6558
0,13,1,6,0,0,4,512,512,N6324.4435,E01028.6559
0,13,1,7,0,0,4,1024,1024,N6324.4435,E01028.6559
0,13,2,1,9,1,2,16,16,N6324.4435,E01028.6559
0,13,2,2,0,0,4,29,32,N6324.4435,E01028.6559
0,13,2,3,0,0,4,64,64,N6324.4435,E01028.6559
0,13,2,4,0,0,4,128,128,N6324.4435,E01028.6559
0,13,2,5,0,0,4,256,256,N6324.4435,E01028.6559
0,13,2,6,0,0,4,512,512,N6324.4435,E01028.6559
0,13,2,7,0,0,4,1024,1024,N6324.4435,E01028.6559
0,13,3,1,0,0,4,16,16,N6324.4435,E01028.6559
0,13,3,2,0,0,5,32,32,N6324.4435,E01028.6559
0,13,3,3,0,0,4,61,64,N6324.4435,E01028.6559
0,13,3,4,0,0,4,128,128,N6324.4435,E01028.6559
0,13,3,5,0,0,4,253,256,N6324.4435,E01028.6559
0,13,3,6,0,0,4,512,512,N6324.4435,E01028.6559
0,13,3,7,0,0,4,1024,1024,N6324.4435,E01028.6559
0,13,4,1,9,1,2,16,16,N6324.4435,E01028.6559
0,13,4,2,0,0,4,32,32,N6324.4435,E01028.6559
0,13,4,3,0,0,4,64,64,N6324.4435,E01028.6558
0,13,4,4,0,0,4,128,128,N6324.4435,E01028.6558
0,13,4,5,0,0,4,256,256,N6324.4435,E01028.6558
0,13,4,6,0,0,4,512,512,N6324.4435,E01028.6558
0,13,4,7,0,0,4,1024,1024,N6324.4435,E01028.6558
0,13,5,1,0,0,4,13,16,N6324.4435,E01028.6558
0,13,5,2,0,0,4,32,32,N6324.4435,E01028.6558
0,13,5,3,0,0,4,64,64,N6324.4435,E01028.6558
0,13,5,4,0,0,4,128,128,N6324.4435,E01028.6558
0,13,5,5,0,0,4,256,256,N6324.4435,E01028.6558
0,13,5,6,0,0,4,509,512,N6324.4435,E01028.6558
0,13,5,7,0,0,4,1021,1024,N6324.4435,E01028.6558
0,10,1,1,84,9,8,16,16,N6324.4363,E01028.6675
0,10,1,2,103,11,6,29,32,N6324.4364,E01028.6672
0,10,1,3,103,11,5,64,64,N6324.4368,E01028.6663
0,10,1,4,103,11,5,128,128,N6324.4370,E01028.6655
0,10,1,5,103,11,5,256,256,N6324.4370,E01028.6655
0,10,1,6,103,11,5,509,512,N6324.4374,E01028.6645
0,10,1,7,103,11,6,1021,1024,N6324.4376,E01028.6646
0,10,2,1,103,11,4,13,16,N6324.4376,E01028.6646
0,10,2,2,103,11,5,29,32,N6324.4376,E01028.6646
0,10,2,3,103,11,5,61,64,N6324.4376,E01028.6646
0,10,2,4,94,10,7,128,128,N6324.4376,E01028.6646
0,10,2,5,103,11,5,256,256,N6324.4376,E01028.6646
0,10,2,6,103,11,5,509,512,N6324.4376,E01028.6646
0,10,2,7,103,11,5,1021,1024,N6324.4376,E01028.6646
0,10,3,1,94,10,9,16,16,N6324.4376,E01028.6646
0,10,3,2,94,10,8,29,32,N6324.4376,E01028.6646
0,10,3,3,103,11,5,64,64,N6324.4376,E01028.6646
0,10,3,4,103,11,6,128,128,N6324.4376,E01028.6646
0,10,3,5,103,11,4,256,256,N6324.4376,E01028.6646
0,10,3,6,103,11,4,512,512,N6324.4376,E01028.6646
0,10,3,7,103,11,5,1024,1024,N6324.4376,E01028.6646
0,10,4,1,112,12,6,16,16,N6324.4376,E01028.6646
0,10,4,2,112,12,5,29,32,N6324.4376,E01028.6646
0,10,4,3,103,11,4,64,64,N6324.4376,E01028.6646
0,10,4,4,103,11,6,128,128,N6324.4376,E01028.6646
0,10,4,5,103,11,5,256,256,N6324.4376,E01028.6646
0,10,4,6,103,11,5,509,512,N6324.4376,E01028.6646
0,10,4,7,103,11,5,1018,1024,N6324.4376,E01028.6646
0,10,5,1,103,11,5,16,16,N6324.4376,E01028.6646
0,10,5,2,94,10,5,32,32,N6324.4376,E01028.6646
0,10,5,3,94,10,6,61,64,N6324.4376,E01028.6646
0,10,5,4,103,11,5,125,128,N6324.4376,E01028.6646
0,10,5,5,103,11,6,256,256,N6324.4376,E01028.6646
0,10,5,6,103,11,6,512,512,N6324.4376,E01028.6646
0,10,5,7,103,11,5,987,1024,N6324.4376,E01028.6646
1,10,1,1,112,12,4,16,16,N6324.4147,E01028.6515
1,10,1,2,112,12,4,32,32,N6324.4147,E01028.6515
1,10,1,3,112,12,4,61,64,N6324.4144,E01028.6512
1,10,1,4,112,12,4,128,128,N6324.4139,E01028.6507
1,10,1,5,112,12,4,250,256,N6324.4138,E01028.6506
1,10,1,6,112,12,4,512,512,N6324.4138,E01028.6506
1,10,1,7,112,12,4,1024,1024,N6324.4138,E01028.6505
1,10,2,1,122,13,2,16,16,N6324.4138,E01028.6505
1,10,2,2,112,12,5,32,32,N6324.4138,E01028.6505
1,10,2,3,112,12,4,64,64,N6324.4138,E01028.6505
1,10,2,4,122,13,4,125,128,N6324.4138,E01028.6505
1,10,2,5,112,12,5,253,256,N6324.4138,E01028.6505
1,10,2,6,112,12,4,512,512,N6324.4138,E01028.6505
1,10,2,7,112,12,4,1024,1024,N6324.4138,E01028.6505
1,10,3,1,122,13,3,13,16,N6324.4138,E01028.6505
1,10,3,2,112,12,4,29,32,N6324.4138,E01028.6505
1,10,3,3,112,12,5,64,64,N6324.4138,E01028.6505
1,10,3,4,112,12,4,125,128,N6324.4138,E01028.6505
1,10,3,5,112,12,4,256,256,N6324.4138,E01028.6505
1,10,3,6,112,12,5,509,512,N6324.4138,E01028.6505
1,10,3,7,112,12,4,1017,1024,N6324.4138,E01028.6505
1,10,4,1,122,13,3,16,16,N6324.4138,E01028.6505
1,10,4,2,122,13,4,29,32,N6324.4138,E01028.6505
1,10,4,3,112,12,6,64,64,N6324.4138,E01028.6505
1,10,4,4,112,12,4,125,128,N6324.4138,E01028.6505
1,10,4,5,112,12,4,256,256,N6324.4138,E01028.6505
1,10,4,6,112,12,4,512,512,N6324.4138,E01028.6505
1,10,4,7,112,12,4,1024,1024,N6324.4138,E01028.6505
1,10,5,1,122,13,3,16,16,N6324.4138,E01028.6505
1,10,5,2,112,12,8,29,32,N6324.4138,E01028.6505
1,10,5,3,112,12,6,61,64,N6324.4138,E01028.6505
1,10,5,4,112,12,5,128,128,N6324.4138,E01028.6505
1,10,5,5,112,12,4,256,256,N6324.4138,E01028.6505
1,10,5,6,122,13,5,509,512,N6324.4138,E01028.6505
1,10,5,7,112,12,4,1024,1024,N6324.4138,E01028.6505
2,10,1,1,131,14,7,16,16,N6324.3884,E01028.6354
2,10,1,2,150,16,4,32,32,N6324.3884,E01028.6354
2,10,1,3,150,16,4,61,64,N6324.3884,E01028.6354
2,10,1,4,131,14,6,128,128,N6324.3889,E01028.6342
2,10,1,5,141,15,4,251,256,N6324.3889,E01028.6342
2,10,1,6,141,15,4,509,512,N6324.3889,E01028.6342
2,10,1,7,141,15,4,1024,1024,N6324.3889,E01028.6342
2,10,2,1,150,16,4,16,16,N6324.3889,E01028.6339
2,10,2,2,131,14,6,29,32,N6324.3889,E01028.6338
3,10,1,1,122,13,7,13,16,N6324.3889,E01028.6338
3,10,1,2,141,15,5,29,32,N6324.3889,E01028.6338
3,10,1,3,141,15,3,64,64,N6324.3889,E01028.6338
3,10,1,4,131,14,5,128,128,N6324.3889,E01028.6338
3,10,1,5,150,16,4,256,256,N6324.3889,E01028.6338
3,10,1,6,150,16,4,509,512,N6324.3889,E01028.6338
3,10,1,7,141,15,5,1021,1024,N6324.3889,E01028.6338
3,10,2,1,141,15,5,13,16,N6324.3889,E01028.6338
3,10,2,2,131,14,4,32,32,N6324.3889,E01028.6338
3,10,2,3,159,17,5,64,64,N6324.3889,E01028.6338
3,10,2,4,141,15,4,125,128,N6324.3889,E01028.6338
3,10,2,5,141,15,4,250,256,N6324.3889,E01028.6338
3,10,2,6,141,15,4,511,512,N6324.3889,E01028.6338
3,10,2,7,141,15,5,1021,1024,N6324.3889,E01028.6338
3,10,3,1,141,15,4,16,16,N6324.3889,E01028.6338
3,10,3,2,141,15,6,29,32,N6324.3889,E01028.6338
3,10,3,3,150,16,4,63,64,N6324.3889,E01028.6338
3,10,3,4,141,15,4,124,128,N6324.3889,E01028.6338
3,10,3,5,141,15,4,256,256,N6324.3889,E01028.6338
3,10,3,6,141,15,5,508,512,N6324.3889,E01028.6338
3,10,3,7,141,15,5,1023,1024,N6324.3889,E01028.6338
4,10,1,1,187,20,6,16,16,N6324.3652,E01028.6222
4,10,1,2,187,20,4,32,32,N6324.3652,E01028.6222
4,10,1,3,187,20,4,64,64,N6324.3651,E01028.6222
4,10,1,4,169,18,6,125,128,N6324.3650,E01028.6222
4,10,1,5,150,16,5,253,256,N6324.3649,E01028.6222
5,10,1,1,169,18,4,13,16,N6324.3649,E01028.6221
5,10,1,2,178,19,3,29,32,N6324.3649,E01028.6221
5,10,1,3,178,19,5,64,64,N6324.3649,E01028.6221
5,10,1,4,178,19,4,125,128,N6324.3649,E01028.6221
5,10,1,5,178,19,5,256,256,N6324.3649,E01028.6221
5,10,1,6,178,19,5,505,512,N6324.3649,E01028.6221
5,10,1,7,187,20,5,1022,1024,N6324.3649,E01028.6221
5,10,2,1,178,19,4,16,16,N6324.3649,E01028.6221
5,10,2,2,178,19,4,29,32,N6324.3649,E01028.6221
5,10,2,3,187,20,4,64,64,N6324.3649,E01028.6221
5,10,2,4,178,19,5,124,128,N6324.3649,E01028.6221
5,10,2,5,187,20,5,256,256,N6324.3649,E01028.6221
5,10,2,6,178,19,4,509,512,N6324.3649,E01028.6221
5,10,2,7,178,19,5,1023,1024,N6324.3649,E01028.6221
5,10,3,1,178,19,4,16,16,N6324.3649,E01028.6221
5,10,3,2,178,19,4,32,32,N6324.3649,E01028.6221
5,10,3,3,178,19,4,64,64,N6324.3649,E01028.6221
5,10,3,4,178,19,4,128,128,N6324.3649,E01028.6221
5,10,3,5,187,20,4,256,256,N6324.3649,E01028.6221
5,10,3,6,187,20,5,512,512,N6324.3649,E01028.6221
5,10,3,7,187,20,4,1024,1024,N6324.3649,E01028.6221
5,10,4,1,178,19,5,13,16,N6324.3649,E01028.6221
5,10,4,2,187,20,4,29,32,N6324.3649,E01028.6221
5,10,4,3,187,20,4,61,64,N6324.3649,E01028.6221
5,10,4,4,178,19,4,125,128,N6324.3649,E01028.6221
5,10,4,5,178,19,4,256,256,N6324.3649,E01028.6221
5,10,4,6,178,19,5,512,512,N6324.3649,E01028.6221
5,10,4,7,178,19,6,1021,1024,N6324.3649,E01028.6221
5,10,5,1,169,18,3,16,16,N6324.3649,E01028.6221
5,10,5,2,178,19,8,32,32,N6324.3649,E01028.6221
5,10,5,3,178,19,4,61,64,N6324.3649,E01028.6221
5,10,5,4,169,18,5,125,128,N6324.3649,E01028.6221
5,10,5,5,178,19,5,256,256,N6324.3649,E01028.6221
5,10,5,6,187,20,4,512,512,N6324.3649,E01028.6221
5,10,5,7,178,19,6,1024,1024,N6324.3649,E01028.6221
6,10,1,1,234,25,4,13,16,N6324.3398,E01028.6121
6,10,1,2,225,24,4,32,32,N6324.3395,E01028.6121
6,10,1,3,234,25,5,61,64,N6324.3392,E01028.6119
6,10,1,4,225,24,4,125,128,N6324.3390,E01028.6118
6,10,1,5,206,22,6,253,256,N6324.3388,E01028.6118
6,10,1,6,225,24,5,512,512,N6324.3386,E01028.6117
6,10,1,7,225,24,5,1024,1024,N6324.3385,E01028.6117
6,10,2,1,234,25,5,13,16,N6324.3385,E01028.6117
6,10,2,2,225,24,7,32,32,N6324.3385,E01028.6117
6,10,2,3,234,25,6,64,64,N6324.3385,E01028.6117
6,10,2,4,234,25,6,128,128,N6324.3385,E01028.6117
6,10,2,5,234,25,5,256,256,N6324.3385,E01028.6117
6,10,2,6,225,24,4,512,512,N6324.3385,E01028.6117
6,10,2,7,225,24,5,1024,1024,N6324.3385,E01028.6117
6,10,3,1,225,24,4,16,16,N6324.3385,E01028.6117
6,10,3,2,225,24,5,32,32,N6324.3385,E01028.6116
6,10,3,3,234,25,4,64,64,N6324.3385,E01028.6116
6,10,3,4,225,24,5,125,128,N6324.3385,E01028.6116
6,10,3,5,225,24,5,253,256,N6324.3385,E01028.6116
6,10,3,6,225,24,4,512,512,N6324.3385,E01028.6116
6,10,3,7,225,24,5,1024,1024,N6324.3385,E01028.6116
6,10,4,1,215,23,7,16,16,N6324.3385,E01028.6116
6,10,4,2,206,22,6,32,32,N6324.3385,E01028.6116
6,10,4,3,215,23,6,64,64,N6324.3385,E01028.6116
6,10,4,4,225,24,4,128,128,N6324.3385,E01028.6116
6,10,4,5,234,25,6,256,256,N6324.3385,E01028.6116
6,10,4,6,234,25,4,512,512,N6324.3385,E01028.6116
6,10,4,7,225,24,5,1024,1024,N6324.3385,E01028.6116
6,10,5,1,225,24,4,16,16,N6324.3385,E01028.6116
6,10,5,2,225,24,4,32,32,N6324.3384,E01028.6115
6,10,5,3,234,25,5,64,64,N6324.3384,E01028.6115
6,10,5,4,244,26,6,128,128,N6324.3384,E01028.6115
6,10,5,5,234,25,5,256,256,N6324.3384,E01028.6115
6,10,5,6,234,25,4,512,512,N6324.3384,E01028.6115
6,10,5,7,225,24,6,1024,1024,N6324.3384,E01028.6115
7,10,1,1,281,30,3,16,16,N6324.3148,E01028.6015
7,10,1,2,253,27,4,32,32,N6324.3137,E01028.6011
7,10,1,3,262,28,7,61,64,N6324.3134,E01028.6010
7,10,1,4,272,29,5,125,128,N6324.3132,E01028.6011
7,10,1,5,262,28,5,256,256,N6324.3131,E01028.6011
7,10,1,6,262,28,4,512,512,N6324.3131,E01028.6010
7,10,1,7,272,29,5,1021,1024,N6324.3131,E01028.6010
7,10,2,1,272,29,7,16,16,N6324.3132,E01028.6011
7,10,2,2,272,29,5,32,32,N6324.3132,E01028.6011
7,10,2,3,262,28,4,64,64,N6324.3133,E01028.6011
7,10,2,4,281,30,4,128,128,N6324.3133,E01028.6011
7,10,2,5,290,31,5,256,256,N6324.3133,E01028.6011
7,10,2,6,281,30,5,512,512,N6324.3133,E01028.6011
7,10,2,7,272,29,5,1020,1024,N6324.3133,E01028.6011
7,10,3,1,281,30,5,16,16,N6324.3133,E01028.6011
7,10,3,2,272,29,6,32,32,N6324.3135,E01028.6010
7,10,3,3,281,30,6,64,64,N6324.3134,E01028.6010
7,10,3,4,262,28,5,128,128,N6324.3134,E01028.6010
7,10,3,5,272,29,4,256,256,N6324.3134,E01028.6010
7,10,3,6,272,29,5,509,512,N6324.3134,E01028.6011
7,10,3,7,262,28,6,1024,1024,N6324.3134,E01028.6011
7,10,4,1,262,28,6,16,16,N6324.3134,E01028.6011
7,10,4,2,272,29,6,32,32,N6324.3134,E01028.6011
7,10,4,3,272,29,7,64,64,N6324.3134,E01028.6011
7,10,4,4,272,29,5,125,128,N6324.3134,E01028.6011
7,10,4,5,272,29,6,253,256,N6324.3134,E01028.6011
7,10,4,6,272,29,6,512,512,N6324.3134,E01028.6011
7,10,4,7,262,28,5,1024,1024,N6324.3134,E01028.6011
7,10,5,1,272,29,7,16,16,N6324.3134,E01028.6011
7,10,5,2,272,29,6,29,32,N6324.3134,E01028.6011
7,10,5,3,272,29,6,61,64,N6324.3134,E01028.6011
7,10,5,4,272,29,6,128,128,N6324.3134,E01028.6011
7,10,5,5,262,28,5,253,256,N6324.3134,E01028.6011
7,10,5,6,272,29,5,512,512,N6324.3134,E01028.6011
8,10,1,1,319,34,1,16,16,N6324.2867,E01028.5897
8,10,1,2,319,34,8,32,32,N6324.2866,E01028.5896
8,10,1,3,328,35,4,64,64,N6324.2864,E01028.5896
9,10,1,4,309,33,6,128,128,N6324.2864,E01028.5896
9,10,1,5,319,34,5,255,256,N6324.2864,E01028.5896
9,10,1,6,319,34,5,512,512,N6324.2864,E01028.5896
9,10,1,7,319,34,5,589,1024,N6324.2864,E01028.5896
9,10,2,1,319,34,5,13,16,N6324.2864,E01028.5896
9,10,2,2,328,35,3,32,32,N6324.2865,E01028.5894
9,10,2,3,328,35,4,61,64,N6324.2865,E01028.5894
9,10,2,4,319,34,7,125,128,N6324.2865,E01028.5894
9,10,2,5,309,33,6,256,256,N6324.2865,E01028.5894
9,10,2,6,309,33,5,510,512,N6324.2865,E01028.5894
9,10,2,7,319,34,5,1023,1024,N6324.2865,E01028.5894
9,10,3,1,309,33,6,16,16,N6324.2865,E01028.5894
9,10,3,2,319,34,7,29,32,N6324.2865,E01028.5894
9,10,3,3,319,34,5,61,64,N6324.2864,E01028.5895
9,10,3,4,309,33,7,125,128,N6324.2864,E01028.5895
9,10,3,5,309,33,6,256,256,N6324.2864,E01028.5895
9,10,3,6,309,33,7,509,512,N6324.2864,E01028.5895
9,10,3,7,319,34,5,1020,1024,N6324.2863,E01028.5896
11,10,1,1,328,35,3,13,16,N6324.2865,E01028.5895
11,10,1,2,328,35,4,29,32,N6324.2865,E01028.5895
11,10,1,3,328,35,4,64,64,N6324.2865,E01028.5895
11,10,1,4,328,35,5,128,128,N6324.2865,E01028.5895
11,10,1,5,319,34,6,256,256,N6324.2865,E01028.5895
11,10,1,6,328,35,5,510,512,N6324.2865,E01028.5895
12,10,1,7,319,34,5,1018,1024,N6324.2865,E01028.5895
12,10,2,1,319,34,4,13,16,N6324.2865,E01028.5895
12,10,2,2,319,34,8,31,32,N6324.2865,E01028.5895
13,10,2,3,319,34,6,64,64,N6324.2865,E01028.5895
13,10,2,4,319,34,6,128,128,N6324.2865,E01028.5895
13,10,2,5,319,34,5,252,256,N6324.2865,E01028.5895
13,10,2,6,319,34,5,508,512,N6324.2865,E01028.5895
13,10,2,7,319,34,5,1018,1024,N6324.2865,E01028.5895
13,10,3,1,319,34,2,13,16,N6324.2865,E01028.5895
13,10,3,2,309,33,8,32,32,N6324.2865,E01028.5895
13,10,3,3,319,34,5,64,64,N6324.2865,E01028.5895
13,10,3,4,328,35,4,125,128,N6324.2865,E01028.5895
13,10,3,5,319,34,5,251,256,N6324.2865,E01028.5895
13,10,3,6,319,34,4,478,512,N6324.2865,E01028.5895
13,10,3,7,319,34,5,1017,1024,N6324.2865,E01028.5895
13,10,4,1,300,32,4,13,16,N6324.2865,E01028.5896
13,10,4,2,319,34,4,32,32,N6324.2865,E01028.5896
13,10,4,3,309,33,5,61,64,N6324.2865,E01028.5896
13,10,4,4,309,33,5,128,128,N6324.2865,E01028.5896
13,10,4,5,309,33,5,253,256,N6324.2865,E01028.5896
13,10,4,6,319,34,5,512,512,N6324.2865,E01028.5896
14,10,4,7,337,36,5,1019,1024,N6324.2865,E01028.5896
14,10,5,1,347,37,9,13,16,N6324.2731,E01028.5843
14,10,5,2,347,37,5,29,32,N6324.2705,E01028.5835
14,10,5,3,356,38,7,64,64,N6324.2692,E01028.5831
14,10,5,4,337,36,6,125,128,N6324.2692,E01028.5831
14,10,5,5,347,37,5,252,256,N6324.2692,E01028.5831
14,10,5,6,347,37,4,512,512,N6324.2692,E01028.5831
14,10,5,7,347,37,5,1021,1024,N6324.2718,E01028.5840
15,10,1,1,365,39,4,16,16,N6324.2640,E01028.5814
15,10,1,2,365,39,4,32,32,N6324.2615,E01028.5804
15,10,1,3,365,39,5,64,64,N6324.2602,E01028.5804
15,10,1,4,356,38,5,128,128,N6324.2602,E01028.5804
15,10,1,5,365,39,5,254,256,N6324.2602,E01028.5804
15,10,1,6,365,39,4,505,512,N6324.2602,E01028.5804
15,10,1,7,365,39,4,1020,1024,N6324.2588,E01028.5802
15,10,2,1,384,41,3,13,16,N6324.2585,E01028.5803
15,10,2,2,375,40,4,32,32,N6324.2584,E01028.5803
15,10,2,3,356,38,4,64,64,N6324.2584,E01028.5803
15,10,2,4,365,39,4,128,128,N6324.2584,E01028.5803
15,10,2,5,365,39,4,254,256,N6324.2584,E01028.5803
15,10,2,6,356,38,5,509,512,N6324.2584,E01028.5803
15,10,2,7,365,39,5,1023,1024,N6324.2585,E01028.5804
15,10,3,1,375,40,4,16,16,N6324.2586,E01028.5803
15,10,3,2,375,40,5,29,32,N6324.2586,E01028.5803
15,10,3,3,365,39,4,63,64,N6324.2587,E01028.5801
15,10,3,4,365,39,4,128,128,N6324.2588,E01028.5800
15,10,3,5,356,38,5,256,256,N6324.2588,E01028.5799
15,10,3,6,365,39,4,509,512,N6324.2588,E01028.5799
15,10,3,7,365,39,4,1023,1024,N6324.2588,E01028.5799
15,10,4,1,365,39,6,16,16,N6324.2589,E01028.5797
16,10,4,2,365,39,4,32,32,N6324.2589,E01028.5797
16,10,4,3,375,40,4,61,64,N6324.2588,E01028.5796
16,10,4,4,365,39,4,128,128,N6324.2588,E01028.5796
16,10,4,5,356,38,4,253,256,N6324.2588,E01028.5796
16,10,4,6,365,39,4,509,512,N6324.2588,E01028.5796
16,10,4,7,356,38,5,1022,1024,N6324.2588,E01028.5797
16,10,5,1,375,40,4,16,16,N6324.2588,E01028.5797
16,10,5,2,375,40,4,29,32,N6324.2589,E01028.5797
16,10,5,3,375,40,4,61,64,N6324.2589,E01028.5796
16,10,5,4,365,39,4,121,128,N6324.2590,E01028.5798
18,10,5,5,365,39,4,256,256,N6324.2590,E01028.5798
18,10,5,6,365,39,5,512,512,N6324.2591,E01028.5798
18,10,5,7,365,39,4,1023,1024,N6324.2590,E01028.5798
19,10,1,1,365,39,3,16,16,N6324.2588,E01028.5797
19,10,1,2,365,39,4,32,32,N6324.2589,E01028.5800
20,10,1,3,365,39,3,64,64,N6324.2589,E01028.5800
20,10,1,4,375,40,4,128,128,N6324.2589,E01028.5800
20,10,1,5,375,40,4,256,256,N6324.2589,E01028.5800
20,10,1,6,384,41,4,511,512,N6324.2591,E01028.5800
20,10,1,7,375,40,4,1024,1024,N6324.2591,E01028.5800
21,10,1,1,422,45,4,16,16,N6324.2323,E01028.5696
21,10,1,2,412,44,4,32,32,N6324.2322,E01028.5694
21,10,1,3,422,45,6,60,64,N6324.2321,E01028.5693
21,10,1,4,422,45,6,125,128,N6324.2320,E01028.5694
21,10,1,5,412,44,4,253,256,N6324.2318,E01028.5694
22,10,1,6,412,44,4,512,512,N6324.2319,E01028.5693
22,10,1,7,412,44,4,241,1024,N6324.2319,E01028.5693
22,10,2,1,422,45,5,16,16,N6324.2319,E01028.5693
0,11,1,1,412,44,4,13,16,N6324.2318,E01028.5689
1,11,1,2,403,43,4,29,32,N6324.2318,E01028.5689
1,11,1,3,412,44,4,64,64,N6324.2318,E01028.5689
1,11,1,4,412,44,4,127,128,N6324.2318,E01028.5689
1,11,1,5,412,44,5,251,256,N6324.2318,E01028.5689
1,11,1,6,422,45,5,502,512,N6324.2318,E01028.5689
1,11,1,7,403,43,5,1015,1024,N6324.2318,E01028.5689
1,11,2,1,422,45,4,16,16,N6324.2318,E01028.5689
1,11,2,2,403,43,6,32,32,N6324.2318,E01028.5688
1,11,2,3,403,43,4,64,64,N6324.2318,E01028.5687
1,11,2,4,412,44,4,128,128,N6324.2318,E01028.5687
1,11,2,5,412,44,4,255,256,N6324.2318,E01028.5688
1,11,2,6,403,43,5,380,512,N6324.2318,E01028.5689
1,11,2,7,412,44,4,1024,1024,N6324.2318,E01028.5689
1,11,3,1,403,43,5,13,16,N6324.2317,E01028.5689
1,11,3,2,403,43,4,32,32,N6324.2317,E01028.5691
2,11,1,1,422,45,6,9,16,N6324.2317,E01028.5689
2,11,1,2,403,43,17,17,32,N6324.2317,E01028.5689
2,11,1,3,412,44,4,64,64,N6324.2318,E01028.5690
2,11,1,4,412,44,4,127,128,N6324.2318,E01028.5690
2,11,1,5,412,44,4,255,256,N6324.2319,E01028.5690
2,11,1,6,403,43,5,511,512,N6324.2319,E01028.5690
2,11,1,7,412,44,5,1024,1024,N6324.2319,E01028.5690
2,11,2,1,412,44,4,16,16,N6324.2319,E01028.5689
2,11,2,2,403,43,4,29,32,N6324.2318,E01028.5691
2,11,2,3,403,43,4,63,64,N6324.2318,E01028.5691
2,11,2,4,412,44,4,125,128,N6324.2318,E01028.5691
2,11,2,5,412,44,5,256,256,N6324.2318,E01028.5691
2,11,2,6,412,44,5,510,512,N6324.2318,E01028.5691
2,11,2,7,422,45,4,1020,1024,N6324.2318,E01028.5691
2,11,3,1,422,45,3,13,16,N6324.2318,E01028.5691
2,11,3,2,422,45,6,26,32,N6324.2318,E01028.5691
2,11,3,3,412,44,5,58,64,N6324.2318,E01028.5691
2,11,3,4,403,43,5,125,128,N6324.2318,E01028.5691
2,11,3,5,422,45,5,244,256,N6324.2318,E01028.5691
3,11,1,1,459,49,4,16,16,N6324.2062,E01028.5590
3,11,1,2,459,49,4,29,32,N6324.2059,E01028.5588
3,11,1,3,459,49,5,63,64,N6324.2054,E01028.5583
4,11,1,4,468,50,6,128,128,N6324.2054,E01028.5583
4,11,1,5,459,49,5,255,256,N6324.2054,E01028.5583
4,11,1,6,468,50,5,509,512,N6324.2054,E01028.5583
4,11,1,7,468,50,6,1017,1024,N6324.2053,E01028.5583
4,11,2,1,450,48,4,13,16,N6324.2053,E01028.5583
4,11,2,2,459,49,7,32,32,N6324.2053,E01028.5583
4,11,2,3,468,50,7,64,64,N6324.2053,E01028.5582
4,11,2,4,459,49,5,128,128,N6324.2052,E01028.5581
4,11,2,5,468,50,5,256,256,N6324.2052,E01028.5582
4,11,2,6,468,50,5,509,512,N6324.2052,E01028.5582
4,11,2,7,468,50,5,1020,1024,N6324.2052,E01028.5582
4,11,3,1,459,49,6,16,16,N6324.2052,E01028.5582
5,11,3,2,468,50,5,32,32,N6324.2052,E01028.5583
5,11,3,3,468,50,6,64,64,N6324.2053,E01028.5583
5,11,3,4,468,50,5,128,128,N6324.2053,E01028.5583
5,11,3,5,459,49,6,253,256,N6324.2053,E01028.5582
6,11,3,6,459,49,6,512,512,N6324.2053,E01028.5582
6,11,3,7,459,49,6,1021,1024,N6324.2053,E01028.5582
6,11,4,1,459,49,6,16,16,N6324.2053,E01028.5581
6,11,4,2,468,50,5,32,32,N6324.2053,E01028.5581
6,11,4,3,468,50,5,64,64,N6324.2053,E01028.5581
6,11,4,4,450,48,5,125,128,N6324.2053,E01028.5581
6,11,4,5,459,49,5,256,256,N6324.2053,E01028.5581
6,11,4,6,459,49,7,512,512,N6324.2053,E01028.5581
6,11,4,7,468,50,5,1024,1024,N6324.2054,E01028.5580
6,11,5,1,459,49,4,16,16,N6324.2053,E01028.5580
6,11,5,2,468,50,7,29,32,N6324.2053,E01028.5580
6,11,5,3,468,50,5,61,64,N6324.2053,E01028.5580
6,11,5,4,468,50,7,128,128,N6324.2053,E01028.5580
6,11,5,5,459,49,6,256,256,N6324.2053,E01028.5580
6,11,5,6,468,50,4,512,512,N6324.2053,E01028.5580
6,11,5,7,459,49,6,1021,1024,N6324.2053,E01028.5580
7,11,1,1,515,55,6,16,16,N6324.1799,E01028.5491
7,11,1,2,506,54,5,31,32,N6324.1798,E01028.5490
7,11,1,3,515,55,5,64,64,N6324.1797,E01028.5488
7,11,1,4,506,54,6,116,128,N6324.1797,E01028.5487
7,11,1,5,506,54,6,256,256,N6324.1796,E01028.5487
7,11,1,6,506,54,6,509,512,N6324.1796,E01028.5487
7,11,1,7,515,55,5,1015,1024,N6324.1797,E01028.5491
8,11,1,1,515,55,3,16,16,N6324.1796,E01028.5492
8,11,1,2,515,55,4,32,32,N6324.1796,E01028.5492
8,11,1,3,515,55,4,62,64,N6324.1796,E01028.5491
8,11,1,4,515,55,5,127,128,N6324.1796,E01028.5491
8,11,1,5,515,55,4,255,256,N6324.1796,E01028.5491
8,11,1,6,515,55,4,509,512,N6324.1796,E01028.5490
9,11,1,7,515,55,5,1024,1024,N6324.1796,E01028.5490
9,11,2,1,515,55,5,16,16,N6324.1796,E01028.5490
9,11,2,2,506,54,4,32,32,N6324.1796,E01028.5490
9,11,2,3,515,55,4,61,64,N6324.1796,E01028.5491
9,11,2,4,515,55,4,128,128,N6324.1795,E01028.5492
9,11,2,5,515,55,5,256,256,N6324.1795,E01028.5492
9,11,2,6,515,55,5,512,512,N6324.1795,E01028.5492
9,11,2,7,515,55,5,1024,1024,N6324.1795,E01028.5492
9,11,3,1,525,56,4,13,16,N6324.1792,E01028.5495
9,11,3,2,515,55,5,29,32,N6324.1792,E01028.5495
9,11,3,3,525,56,4,61,64,N6324.1792,E01028.5496
9,11,3,4,525,56,4,127,128,N6324.1792,E01028.5496
9,11,3,5,525,56,4,254,256,N6324.1792,E01028.5496
9,11,3,6,515,55,4,506,512,N6324.1792,E01028.5496
9,11,3,7,515,55,5,1014,1024,N6324.1792,E01028.5495
10,11,4,1,525,56,4,13,16,N6324.1792,E01028.5495
16,11,1,1,562,60,4,16,16,N6324.1527,E01028.5397
18,11,1,2,562,60,7,32,32,N6324.1527,E01028.5397
18,11,1,3,571,61,5,64,64,N6324.1527,E01028.5397
18,11,1,4,562,60,4,123,128,N6324.1527,E01028.5397
20,11,1,5,581,62,5,252,256,N6324.1527,E01028.5396
20,11,1,6,562,60,5,512,512,N6324.1527,E01028.5396
20,11,1,7,562,60,5,1013,1024,N6324.1527,E01028.5396
22,11,2,1,562,60,4,12,16,N6324.1529,E01028.5393
23,11,2,2,553,59,3,32,32,N6324.1529,E01028.5393
31,11,1,1,618,66,6,15,16,N6324.1277,E01028.5294
43,11,1,1,656,70,6,13,16,N6324.1017,E01028.5189
46,11,1,2,646,69,7,30,32,N6324.1012,E01028.5183
46,11,1,3,656,70,4,61,64,N6324.1012,E01028.5182
48,11,1,4,656,70,4,128,128,N6324.1012,E01028.5183
48,11,1,5,665,71,5,247,256,N6324.1012,E01028.5183
48,11,1,6,675,72,4,123,512,N6324.1010,E01028.5184
48,11,1,7,665,71,5,1010,1024,N6324.1010,E01028.5184
48,11,2,1,665,71,3,16,16,N6324.1011,E01028.5184
48,11,2,2,684,73,5,32,32,N6324.1011,E01028.5183
49,11,2,3,665,71,4,60,64,N6324.1011,E01028.5182
49,11,2,4,675,72,4,125,128,N6324.1011,E01028.5182
49,11,2,5,656,70,5,256,256,N6324.1011,E01028.5182
51,11,2,6,656,70,6,494,512,N6324.1011,E01028.5181
51,11,2,7,665,71,4,1012,1024,N6324.1012,E01028.5181
51,11,3,1,656,70,4,16,16,N6324.1012,E01028.5181
52,11,1,1,721,77,4,16,16,N6324.0752,E01028.5063
52,11,1,2,712,76,5,29,32,N6324.0750,E01028.5063
53,11,1,3,712,76,5,64,64,N6324.0750,E01028.5062
53,11,1,4,703,75,5,128,128,N6324.0750,E01028.5062
53,11,1,5,712,76,4,252,256,N6324.0749,E01028.5062
54,11,1,6,712,76,5,509,512,N6324.0752,E01028.5064
54,11,1,7,712,76,4,1021,1024,N6324.0752,E01028.5064
54,11,2,1,712,76,4,16,16,N6324.0752,E01028.5064
54,11,2,2,712,76,4,29,32,N6324.0751,E01028.5065
54,11,2,3,712,76,5,60,64,N6324.0750,E01028.5062
56,11,2,4,712,76,4,127,128,N6324.0749,E01028.5062
57,11,2,5,721,77,4,256,256,N6324.0749,E01028.5063
57,11,2,6,721,77,4,509,512,N6324.0749,E01028.5063
58,11,2,7,712,76,5,1022,1024,N6324.0750,E01028.5064
59,11,3,1,712,76,4,13,16,N6324.0750,E01028.5064
59,11,3,2,703,75,4,32,32,N6324.0750,E01028.5064
59,11,3,3,703,75,4,64,64,N6324.0750,E01028.5064
59,11,3,4,721,77,4,127,128,N6324.0750,E01028.5064
59,11,3,5,712,76,4,252,256,N6324.0750,E01028.5063
60,11,1,1,768,82,8,13,16,N6324.0482,E01028.4950
60,11,1,2,759,81,2,32,32,N6324.0482,E01028.4950
60,11,1,3,749,80,4,64,64,N6324.0481,E01028.4948
60,11,1,4,759,81,5,128,128,N6324.0480,E01028.4946
60,11,1,5,759,81,6,256,256,N6324.0478,E01028.4947
62,11,1,6,759,81,6,509,512,N6324.0478,E01028.4947
62,11,1,7,759,81,5,1023,1024,N6324.0478,E01028.4947
62,11,2,1,759,81,2,16,16,N6324.0477,E01028.4946
62,11,2,2,759,81,4,29,32,N6324.0477,E01028.4946
66,11,2,3,768,82,4,64,64,N6324.0477,E01028.4946
66,11,2,4,768,82,5,128,128,N6324.0476,E01028.4946
66,11,2,5,759,81,4,253,256,N6324.0476,E01028.4946
66,11,2,6,759,81,5,512,512,N6324.0476,E01028.4946
66,11,2,7,768,82,4,1009,1024,N6324.0476,E01028.4946
66,11,3,1,768,82,1,13,16,N6324.0476,E01028.4946
0,12,1,1,543,58,3,16,16,N6324.1549,E01028.5270
0,12,1,2,543,58,3,29,32,N6324.1555,E01028.5269
0,12,1,3,562,60,4,64,64,N6324.1555,E01028.5269
0,12,1,4,543,58,5,128,128,N6324.1555,E01028.5269
0,12,1,5,543,58,6,253,256,N6324.1568,E01028.5269
0,12,1,6,543,58,5,458,512,N6324.1576,E01028.5269
0,12,1,7,543,58,7,586,1024,N6324.1591,E01028.5260
0,12,2,1,525,56,7,12,16,N6324.1606,E01028.5259
0,12,2,2,543,58,11,31,32,N6324.1643,E01028.5252
1,12,1,1,515,55,5,16,16,N6324.1738,E01028.5232
1,12,1,2,515,55,6,28,32,N6324.1746,E01028.5233
1,12,1,3,515,55,5,59,64,N6324.1752,E01028.5234
1,12,1,4,515,55,4,115,128,N6324.1756,E01028.5235
1,12,1,5,497,53,6,236,256,N6324.1770,E01028.5234
1,12,1,6,506,54,5,405,512,N6324.1770,E01028.5234
1,12,1,7,497,53,6,974,1024,N6324.1770,E01028.5234
1,12,2,1,506,54,2,13,16,N6324.1778,E01028.5235
1,12,2,2,497,53,7,26,32,N6324.1841,E01028.5223
1,12,2,3,506,54,6,61,64,N6324.1841,E01028.5223
1,12,2,4,497,53,5,122,128,N6324.1847,E01028.5224
1,12,2,5,487,52,4,74,256,N6324.1847,E01028.5224
1,12,2,6,497,53,6,498,512,N6324.1860,E01028.5222
1,12,2,7,497,53,5,100,1024,N6324.1866,E01028.5220
0,12,1,1,384,41,3,16,16,N6324.2433,E01028.5251
0,12,1,2,384,41,6,29,32,N6324.2441,E01028.5250
0,12,1,3,384,41,4,61,64,N6324.2449,E01028.5249
0,12,1,4,384,41,6,118,128,N6324.2449,E01028.5249
0,12,1,5,375,40,6,246,256,N6324.2449,E01028.5249
0,12,1,6,384,41,6,512,512,N6324.2449,E01028.5249
0,12,1,7,375,40,4,202,1024,N6324.2480,E01028.5247
0,12,2,1,384,41,4,13,16,N6324.2496,E01028.5245
0,12,2,2,384,41,7,29,32,N6324.2496,E01028.5245
0,12,2,3,356,38,5,61,64,N6324.2544,E01028.5235
0,12,2,4,356,38,4,128,128,N6324.2550,E01028.5235
0,12,2,5,365,39,4,253,256,N6324.2550,E01028.5235
0,12,2,6,347,37,5,490,512,N6324.2566,E01028.5233
0,12,2,7,365,39,6,1006,1024,N6324.2574,E01028.5231
0,12,3,1,375,40,4,16,16,N6324.2626,E01028.5228
0,12,3,2,365,39,3,29,32,N6324.2626,E01028.5228
0,12,3,3,347,37,5,61,64,N6324.2642,E01028.5228
0,12,3,4,356,38,6,128,128,N6324.2642,E01028.5228
0,12,3,5,347,37,6,249,256,N6324.2642,E01028.5228
0,12,3,6,356,38,5,506,512,N6324.2642,E01028.5228
0,12,3,7,356,38,5,651,1024,N6324.2664,E01028.5234
0,12,4,1,347,37,9,10,16,N6324.2664,E01028.5234
0,12,4,2,356,38,4,32,32,N6324.2664,E01028.5234
0,12,4,3,356,38,4,64,64,N6324.2679,E01028.5235
0,12,4,4,347,37,5,128,128,N6324.2710,E01028.5234
0,12,4,5,347,37,4,256,256,N6324.2718,E01028.5234
0,12,4,6,347,37,5,512,512,N6324.2718,E01028.5234
0,12,4,7,328,35,5,1009,1024,N6324.2725,E01028.5235
0,12,5,1,328,35,6,13,16,N6324.2772,E01028.5243
0,12,5,2,328,35,4,29,32,N6324.2772,E01028.5243
0,12,5,3,309,33,7,61,64,N6324.2778,E01028.5245
0,12,5,4,309,33,6,128,128,N6324.2784,E01028.5249
0,12,5,5,319,34,5,256,256,N6324.2784,E01028.5249
0,12,5,6,319,34,5,512,512,N6324.2784,E01028.5249
0,12,5,7,309,33,5,1024,1024,N6324.2804,E01028.5257
1,12,1,1,300,32,4,16,16,N6324.2867,E01028.5285
1,12,1,2,319,34,4,29,32,N6324.2873,E01028.5286
1,12,1,3,319,34,5,64,64,N6324.2877,E01028.5289
1,12,1,4,309,33,5,123,128,N6324.2882,E01028.5293
1,12,1,5,300,32,4,248,256,N6324.2887,E01028.5295
1,12,1,6,319,34,6,507,512,N6324.2892,E01028.5295
1,12,1,7,300,32,5,994,1024,N6324.2892,E01028.5295
1,12,2,1,300,32,4,14,16,N6324.2897,E01028.5295
1,12,2,2,281,30,1,26,32,N6324.2935,E01028.5296
1,12,2,3,290,31,4,60,64,N6324.2935,E01028.5296
1,12,2,4,281,30,5,121,128,N6324.2935,E01028.5296
1,12,2,5,300,32,5,237,256,N6324.2959,E01028.5313
1,12,2,6,281,30,6,502,512,N6324.2965,E01028.5322
1,12,2,7,300,32,5,1009,1024,N6324.2970,E01028.5331
1,12,3,1,309,33,5,13,16,N6324.2979,E01028.5349
1,12,3,2,290,31,6,29,32,N6324.2979,E01028.5349
1,12,3,3,281,30,4,57,64,N6324.2979,E01028.5349
1,12,3,4,290,31,4,125,128,N6324.2999,E01028.5373
1,12,3,5,281,30,5,247,256,N6324.2999,E01028.5373
1,12,3,6,281,30,5,498,512,N6324.3012,E01028.5387
1,12,3,7,281,30,5,973,1024,N6324.3028,E01028.5398
1,12,4,1,281,30,5,10,16,N6324.3028,E01028.5398
1,12,4,2,281,30,4,29,32,N6324.3028,E01028.5398
1,12,4,3,281,30,5,61,64,N6324.3040,E01028.5408
1,12,4,4,272,29,4,128,128,N6324.3073,E01028.5431
1,12,4,5,281,30,6,247,256,N6324.3080,E01028.5435
1,12,4,6,262,28,5,503,512,N6324.3080,E01028.5435
1,12,4,7,272,29,5,907,1024,N6324.3087,E01028.5439
1,12,5,1,262,28,4,16,16,N6324.3116,E01028.5452
1,12,5,2,262,28,6,29,32,N6324.3137,E01028.5459
1,12,5,3,253,27,5,62,64,N6324.3202,E01028.5485
2,12,5,4,253,27,5,119,128,N6324.3209,E01028.5487
2,12,5,5,244,26,5,249,256,N6324.3216,E01028.5487
2,12,5,6,244,26,9,493,512,N6324.3216,E01028.5487
2,12,5,7,244,26,8,623,1024,N6324.3216,E01028.5487
3,12,1,1,215,23,4,12,16,N6324.3365,E01028.5628
3,12,1,2,215,23,3,29,32,N6324.3372,E01028.5635
3,12,1,3,225,24,5,58,64,N6324.3379,E01028.5641
3,12,1,4,206,22,6,124,128,N6324.3386,E01028.5647
3,12,1,5,206,22,5,216,256,N6324.3386,E01028.5647
3,12,1,6,197,21,5,35,512,N6324.3393,E01028.5650
3,12,1,7,197,21,6,941,1024,N6324.3442,E01028.5671
3,12,2,1,187,20,4,13,16,N6324.3442,E01028.5671
3,12,2,2,206,22,6,32,32,N6324.3449,E01028.5676
3,12,2,3,206,22,6,46,64,N6324.3482,E01028.5701
3,12,2,4,197,21,5,125,128,N6324.3489,E01028.5705
3,12,2,5,206,22,9,218,256,N6324.3496,E01028.5709
3,12,2,6,187,20,7,496,512,N6324.3496,E01028.5709
3,12,2,7,197,21,5,115,1024,N6324.3496,E01028.5709
3,12,3,1,187,20,8,16,16,N6324.3496,E01028.5709
3,12,3,2,178,19,5,29,32,N6324.3503,E01028.5714
3,12,3,3,187,20,5,64,64,N6324.3559,E01028.5746
0,10,1,1,9,1,4,16,16,N6324.4593,E01028.6598
0,10,1,2,0,0,3,32,32,N6324.4593,E01028.6598
0,10,1,3,9,1,4,64,64,N6324.4593,E01028.6598
0,10,1,4,9,1,4,128,128,N6324.4593,E01028.6598
0,10,1,5,9,1,4,256,256,N6324.4593,E01028.6599
0,10,1,6,9,1,4,509,512,N6324.4593,E01028.6598
0,10,1,7,9,1,4,1024,1024,N6324.4592,E01028.6597
0,10,2,1,9,1,4,16,16,N6324.4591,E01028.6595
0,10,2,2,9,1,4,32,32,N6324.4590,E01028.6595
0,10,2,3,9,1,4,64,64,N6324.4589,E01028.6594
0,10,2,4,9,1,4,125,128,N6324.4588,E01028.6594
0,10,2,5,9,1,4,256,256,N6324.4588,E01028.6594
0,10,2,6,9,1,4,512,512,N6324.4588,E01028.6594
0,10,2,7,9,1,4,1024,1024,N6324.4588,E01028.6594
0,10,3,1,9,1,4,16,16,N6324.4588,E01028.6594
0,10,3,2,9,1,4,32,32,N6324.4588,E01028.6594
0,10,3,3,9,1,4,64,64,N6324.4588,E01028.6594
0,10,3,4,9,1,4,125,128,N6324.4588,E01028.6594
0,10,3,5,9,1,4,256,256,N6324.4588,E01028.6594
0,10,3,6,9,1,4,512,512,N6324.4588,E01028.6594
0,10,3,7,9,1,4,1021,1024,N6324.4588,E01028.6595
0,10,4,1,9,1,4,13,16,N6324.4588,E01028.6595
0,10,4,2,9,1,4,32,32,N6324.4588,E01028.6595
0,10,4,3,0,0,4,64,64,N6324.4588,E01028.6595
0,10,4,4,0,0,4,125,128,N6324.4588,E01028.6595
0,10,4,5,9,1,4,256,256,N6324.4588,E01028.6595
0,10,4,6,9,1,4,509,512,N6324.4588,E01028.6595
0,10,4,7,9,1,4,1024,1024,N6324.4588,E01028.6591
0,10,5,1,0,0,3,16,16,N6324.4589,E01028.6585
0,10,5,2,9,1,4,32,32,N6324.4589,E01028.6586
0,10,5,3,9,1,4,64,64,N6324.4589,E01028.6585
0,10,5,4,9,1,4,128,128,N6324.4590,E01028.6583
0,10,5,5,9,1,4,256,256,N6324.4589,E01028.6587
0,10,5,6,9,1,4,512,512,N6324.4589,E01028.6591
0,10,5,7,9,1,4,1024,1024,N6324.4589,E01028.6597
1,10,1,1,19,2,3,16,16,N6324.4586,E01028.6619
1,10,1,2,0,0,4,32,32,N6324.4586,E01028.6619
1,10,1,3,0,0,4,64,64,N6324.4585,E01028.6619
1,10,1,4,9,1,4,125,128,N6324.4585,E01028.6619
1,10,1,5,0,0,5,256,256,N6324.4585,E01028.6619
1,10,1,6,9,1,4,512,512,N6324.4585,E01028.6620
1,10,1,7,9,1,4,1024,1024,N6324.4585,E01028.6620
1,10,2,1,9,1,4,16,16,N6324.4585,E01028.6620
1,10,2,2,0,0,5,29,32,N6324.4585,E01028.6619
1,10,2,3,9,1,4,64,64,N6324.4585,E01028.6619
1,10,2,4,9,1,4,128,128,N6324.4585,E01028.6619
1,10,2,5,9,1,4,256,256,N6324.4585,E01028.6619
1,10,2,6,0,0,5,512,512,N6324.4587,E01028.6620
1,10,2,7,9,1,4,1021,1024,N6324.4588,E01028.6620
1,10,3,1,0,0,4,16,16,N6324.4590,E01028.6622
1,10,3,2,9,1,4,29,32,N6324.4590,E01028.6623
1,10,3,3,9,1,4,64,64,N6324.4590,E01028.6623
1,10,3,4,9,1,4,128,128,N6324.4590,E01028.6623
1,10,3,5,9,1,4,256,256,N6324.4590,E01028.6624
1,10,3,6,0,0,4,512,512,N6324.4590,E01028.6624
1,10,3,7,9,1,4,1024,1024,N6324.4590,E01028.6624
1,10,4,1,9,1,4,16,16,N6324.4590,E01028.6625
1,10,4,2,9,1,4,29,32,N6324.4590,E01028.6625
1,10,4,3,9,1,4,64,64,N6324.4589,E01028.6625
1,10,4,4,9,1,4,128,128,N6324.4590,E01028.6624
1,10,4,5,9,1,4,256,256,N6324.4590,E01028.6623
1,10,4,6,9,1,4,512,512,N6324.4589,E01028.6622
1,10,4,7,9,1,4,1024,1024,N6324.4589,E01028.6621
1,10,5,1,9,1,6,16,16,N6324.4590,E01028.6620
1,10,5,2,0,0,5,32,32,N6324.4590,E01028.6620
1,10,5,3,9,1,4,64,64,N6324.4591,E01028.6620
1,10,5,4,9,1,4,128,128,N6324.4591,E01028.6620
1,10,5,5,9,1,4,253,256,N6324.4592,E01028.6621
1,10,5,6,9,1,4,509,512,N6324.4593,E01028.6621
1,10,5,7,9,1,4,1021,1024,N6324.4594,E01028.6622
0,11,1,1,215,23,5,13,16,N6324.3378,E01028.6103
0,11,1,2,225,24,4,32,32,N6324.3380,E01028.6108
0,11,1,3,215,23,3,64,64,N6324.3380,E01028.6107
0,11,1,4,215,23,4,128,128,N6324.3381,E01028.6107
0,11,1,5,225,24,4,256,256,N6324.3381,E01028.6107
0,11,1,6,225,24,4,512,512,N6324.3382,E01028.6109
0,11,1,7,225,24,4,1024,1024,N6324.3382,E01028.6111
0,11,2,1,215,23,5,13,16,N6324.3382,E01028.6111
0,11,2,2,225,24,5,29,32,N6324.3381,E01028.6111
0,11,2,3,225,24,4,64,64,N6324.3381,E01028.6111
0,11,2,4,225,24,4,128,128,N6324.3381,E01028.6111
0,11,2,5,225,24,4,256,256,N6324.3382,E01028.6111
0,11,2,6,225,24,4,509,512,N6324.3382,E01028.6110
0,11,2,7,225,24,4,1021,1024,N6324.3382,E01028.6110
0,11,3,1,225,24,4,16,16,N6324.3382,E01028.6110
0,11,3,2,215,23,4,29,32,N6324.3382,E01028.6110
0,11,3,3,215,23,4,64,64,N6324.3382,E01028.6110
0,11,3,4,225,24,6,125,128,N6324.3382,E01028.6110
0,11,3,5,225,24,4,253,256,N6324.3382,E01028.6110
0,11,3,6,225,24,4,509,512,N6324.3382,E01028.6110
0,11,3,7,225,24,4,1024,1024,N6324.3382,E01028.6110
0,11,4,1,215,23,4,16,16,N6324.3382,E01028.6110
1,11,1,1,272,29,6,16,16,N6324.3139,E01028.6005
1,11,1,2,272,29,6,32,32,N6324.3135,E01028.6004
1,11,1,3,262,28,4,61,64,N6324.3135,E01028.6003
1,11,1,4,262,28,4,125,128,N6324.3135,E01028.6003
1,11,1,5,272,29,5,256,256,N6324.3135,E01028.6003
1,11,1,6,272,29,5,512,512,N6324.3135,E01028.6001
1,11,1,7,272,29,6,1021,1024,N6324.3134,E01028.6002
1,11,2,1,272,29,3,13,16,N6324.3134,E01028.5999
1,11,2,2,272,29,3,29,32,N6324.3134,E01028.6001
1,11,2,3,272,29,4,61,64,N6324.3135,E01028.6004
1,11,2,4,272,29,6,128,128,N6324.3136,E01028.6003
1,11,2,5,272,29,5,253,256,N6324.3138,E01028.6003
1,11,2,6,262,28,4,512,512,N6324.3138,E01028.6003
1,11,2,7,272,29,5,814,1024,N6324.3138,E01028.6004
1,11,3,1,272,29,4,16,16,N6324.3139,E01028.6004
1,11,3,2,272,29,5,32,32,N6324.3139,E01028.6004
1,11,3,3,262,28,6,61,64,N6324.3139,E01028.6004
1,11,3,4,262,28,5,122,128,N6324.3139,E01028.6004
1,11,3,5,272,29,5,250,256,N6324.3139,E01028.6004
1,11,3,6,262,28,5,138,512,N6324.3139,E01028.6004
1,11,3,7,272,29,5,1024,1024,N6324.3139,E01028.6004
1,11,4,1,281,30,0,13,16,N6324.3139,E01028.6004
1,11,4,2,272,29,8,32,32,N6324.3139,E01028.6004
1,11,4,3,262,28,5,61,64,N6324.3139,E01028.6004
1,11,4,4,272,29,4,128,128,N6324.3139,E01028.6004
1,11,4,5,272,29,5,253,256,N6324.3139,E01028.6004
1,11,4,6,272,29,6,512,512,N6324.3139,E01028.6004
1,11,4,7,272,29,6,1024,1024,N6324.3139,E01028.6004
1,11,5,1,281,30,6,16,16,N6324.3139,E01028.6003
1,11,5,2,272,29,5,32,32,N6324.3139,E01028.6002
1,11,5,3,281,30,6,64,64,N6324.3139,E01028.6002
1,11,5,4,272,29,5,128,128,N6324.3139,E01028.6002
1,11,5,5,262,28,5,253,256,N6324.3139,E01028.6002
1,11,5,6,262,28,5,512,512,N6324.3139,E01028.6002
1,11,5,7,272,29,4,1024,1024,N6324.3139,E01028.6002
2,11,1,1,319,34,7,16,16,N6324.2884,E01028.5889
2,11,1,2,319,34,8,32,32,N6324.2882,E01028.5892
2,11,1,3,319,34,6,64,64,N6324.2881,E01028.5889
2,11,1,4,319,34,6,125,128,N6324.2881,E01028.5889
2,11,1,5,319,34,6,253,256,N6324.2879,E01028.5888
2,11,1,6,319,34,6,509,512,N6324.2879,E01028.5888
2,11,1,7,319,34,6,1024,1024,N6324.2879,E01028.5888
2,11,2,1,319,34,9,16,16,N6324.2879,E01028.5888
2,11,2,2,319,34,7,29,32,N6324.2879,E01028.5888
2,11,2,3,309,33,8,64,64,N6324.2879,E01028.5888
2,11,2,4,319,34,5,125,128,N6324.2879,E01028.5888
2,11,2,5,309,33,6,256,256,N6324.2879,E01028.5888
2,11,2,6,319,34,5,512,512,N6324.2879,E01028.5889
2,11,2,7,309,33,7,1024,1024,N6324.2879,E01028.5889
2,11,3,1,300,32,7,13,16,N6324.2879,E01028.5889
2,11,3,2,309,33,6,32,32,N6324.2879,E01028.5889
2,11,3,3,319,34,6,61,64,N6324.2877,E01028.5887
2,11,3,4,319,34,6,127,128,N6324.2878,E01028.5888
2,11,3,5,319,34,6,256,256,N6324.2878,E01028.5888
2,11,3,6,319,34,6,509,512,N6324.2876,E01028.5889
2,11,3,7,319,34,6,1021,1024,N6324.2876,E01028.5889
2,11,4,1,309,33,4,16,16,N6324.2876,E01028.5889
2,11,4,2,309,33,6,32,32,N6324.2876,E01028.5889
2,11,4,3,319,34,5,61,64,N6324.2879,E01028.5885
2,11,4,4,319,34,7,125,128,N6324.2881,E01028.5885
2,11,4,5,319,34,6,256,256,N6324.2878,E01028.5889
2,11,4,6,319,34,6,509,512,N6324.2879,E01028.5892
2,11,4,7,319,34,6,1024,1024,N6324.2880,E01028.5895
2,11,5,1,309,33,5,16,16,N6324.2883,E01028.5898
2,11,5,2,319,34,3,32,32,N6324.2882,E01028.5905
2,11,5,3,319,34,5,64,64,N6324.2878,E01028.5901
2,11,5,4,319,34,5,128,128,N6324.2873,E01028.5890
2,11,5,5,319,34,5,253,256,N6324.2875,E01028.5892
2,11,5,6,319,34,5,512,512,N6324.2876,E01028.5902
2,11,5,7,309,33,6,1024,1024,N6324.2878,E01028.5901
3,11,1,1,356,38,9,16,16,N6324.2604,E01028.5779
3,11,1,2,375,40,4,32,32,N6324.2605,E01028.5780
3,11,1,3,356,38,4,61,64,N6324.2605,E01028.5780
3,11,1,4,375,40,4,127,128,N6324.2605,E01028.5781
4,11,1,5,365,39,4,253,256,N6324.2605,E01028.5781
4,11,1,6,365,39,4,506,512,N6324.2604,E01028.5778
4,11,1,7,365,39,5,1019,1024,N6324.2604,E01028.5778
4,11,2,1,375,40,4,13,16,N6324.2604,E01028.5778
4,11,2,2,375,40,5,32,32,N6324.2604,E01028.5778
5,11,2,3,365,39,3,64,64,N6324.2604,E01028.5778
6,11,1,1,422,45,5,13,16,N6324.2357,E01028.5679
6,11,1,2,403,43,3,32,32,N6324.2356,E01028.5682
6,11,1,3,403,43,5,61,64,N6324.2357,E01028.5676
6,11,1,4,422,45,5,125,128,N6324.2358,E01028.5673
6,11,1,5,412,44,4,253,256,N6324.2359,E01028.5677
6,11,1,6,412,44,5,512,512,N6324.2361,E01028.5676
6,11,1,7,403,43,5,1021,1024,N6324.2360,E01028.5676
6,11,2,1,412,44,6,16,16,N6324.2358,E01028.5675
6,11,2,2,412,44,4,32,32,N6324.2359,E01028.5676
6,11,2,3,403,43,4,64,64,N6324.2359,E01028.5676
6,11,2,4,403,43,4,125,128,N6324.2358,E01028.5675
6,11,2,5,412,44,5,256,256,N6324.2357,E01028.5675
6,11,2,6,422,45,4,511,512,N6324.2357,E01028.5675
7,11,1,1,468,50,6,13,16,N6324.2090,E01028.5567
7,11,1,2,459,49,4,32,32,N6324.2089,E01028.5575
8,11,1,3,459,49,5,64,64,N6324.2090,E01028.5572
8,11,1,4,450,48,5,128,128,N6324.2089,E01028.5572
8,11,1,5,450,48,5,253,256,N6324.2089,E01028.5570
8,11,1,6,459,49,5,509,512,N6324.2089,E01028.5570
8,11,1,7,459,49,5,1023,1024,N6324.2090,E01028.5570
8,11,2,1,450,48,6,16,16,N6324.2090,E01028.5570
8,11,2,2,459,49,5,32,32,N6324.2091,E01028.5571
8,11,2,3,450,48,5,64,64,N6324.2090,E01028.5571
8,11,2,4,459,49,6,128,128,N6324.2090,E01028.5571
8,11,2,5,459,49,6,250,256,N6324.2090,E01028.5570
8,11,2,6,459,49,5,501,512,N6324.2090,E01028.5570
8,11,2,7,459,49,5,917,1024,N6324.2090,E01028.5570
8,11,3,1,459,49,6,10,16,N6324.2090,E01028.5570
8,11,3,2,459,49,7,31,32,N6324.2090,E01028.5570
8,11,3,3,450,48,4,60,64,N6324.2090,E01028.5570
8,11,3,4,459,49,6,124,128,N6324.2090,E01028.5570
9,11,1,1,515,55,4,16,16,N6324.1827,E01028.5469
9,11,1,2,515,55,4,32,32,N6324.1824,E01028.5471
9,11,1,3,506,54,6,64,64,N6324.1824,E01028.5471
9,11,1,4,506,54,4,124,128,N6324.1824,E01028.5471
11,11,1,1,525,56,4,13,16,N6324.1824,E01028.5470
0,11,1,1,515,55,5,15,16,N6324.1829,E01028.5463
2,11,1,2,515,55,3,29,32,N6324.1824,E01028.5458
2,11,1,3,515,55,5,59,64,N6324.1824,E01028.5452
